<?xml version="1.0" encoding="UTF-8"?>
<project-private xmlns="http://www.netbeans.org/ns/project-private/1">
    <editor-bookmarks xmlns="http://www.netbeans.org/ns/editor-bookmarks/2" lastBookmarkId="0"/>
    <open-files xmlns="http://www.netbeans.org/ns/projectui-open-files/2">
        <group>
            <file>file:/C:/Users/AfiaVader/Documents/NetBeansProjects/AutomatedSecuritySystem/src/Database/Faculty.java</file>
            <file>file:/C:/Users/AfiaVader/Documents/NetBeansProjects/AutomatedSecuritySystem/src/Database/Student.java</file>
            <file>file:/C:/Users/AfiaVader/Documents/NetBeansProjects/AutomatedSecuritySystem/src/Presentation/StrangerLog.java</file>
            <file>file:/C:/Users/AfiaVader/Documents/NetBeansProjects/AutomatedSecuritySystem/src/Applications/Registrar.java</file>
            <file>file:/C:/Users/AfiaVader/Documents/NetBeansProjects/AutomatedSecuritySystem/src/Applications/RecognizePeople.java</file>
            <file>file:/C:/Users/AfiaVader/Documents/NetBeansProjects/AutomatedSecuritySystem/src/Presentation/RecognizedLog.java</file>
            <file>file:/C:/Users/AfiaVader/Documents/NetBeansProjects/AutomatedSecuritySystem/src/Applications/AccessPeople.java</file>
            <file>file:/C:/Users/AfiaVader/Documents/NetBeansProjects/AutomatedSecuritySystem/src/Database/Staff.java</file>
            <file>file:/C:/Users/AfiaVader/Documents/NetBeansProjects/AutomatedSecuritySystem/src/Database/Visitor.java</file>
            <file>file:/C:/Users/AfiaVader/Documents/NetBeansProjects/AutomatedSecuritySystem/src/Database/People.java</file>
        </group>
    </open-files>
</project-private>
